Link,SIC Code,Description,Assessments,Recommendations,Recommended $ Savings
https://iac.university/indexSic/01,1,Agricultural Production Crops,9,42,"$2,019,442"
https://iac.university/indexSic/02,2,Agricultural Productionlivestock,1,1,"$1,327"
https://iac.university/indexSic/07,7,Agricultural Services,9,54,"$1,238,914"
https://iac.university/indexSic/08,8,Forestry,-,-,-
https://iac.university/indexSic/09,9,"Fishing, Hunting, And Trapping",1,3,"$120,914"
https://iac.university/indexSic/10,10,Mining,7,49,"$22,161,941"
https://iac.university/indexSic/12,12,Coal Mining,2,13,"$55,291"
https://iac.university/indexSic/13,13,Oil And Gas Extraction,4,29,"$1,195,084"
https://iac.university/indexSic/14,14,"Nonmetallic Minerals, Except Fuels",31,189,"$11,944,409"
https://iac.university/indexSic/15,15,General Building Contractors,-,-,-
https://iac.university/indexSic/16,16,"Heavy Construction, Ex. Building",6,38,"$472,489"
https://iac.university/indexSic/17,17,Special Trade Contractors,5,37,"$730,178"
https://iac.university/indexSic/20,20,Food and Kindred Products,"2,642","20,230","$383,286,423"
https://iac.university/indexSic/21,21,Tobacco Products,19,163,"$5,334,574"
https://iac.university/indexSic/22,22,Textile Mill Products,573,"4,164","$79,414,034"
https://iac.university/indexSic/23,23,Apparel And Other Textile Products,347,"2,383","$18,915,428"
https://iac.university/indexSic/24,24,Lumber And Wood Products,"1,004","7,063","$174,868,043"
https://iac.university/indexSic/25,25,Furniture And Fixtures,478,"3,472","$41,044,025"
https://iac.university/indexSic/26,26,Paper And Allied Products,999,"7,854","$170,711,194"
https://iac.university/indexSic/27,27,Printing And Publishing,751,"5,634","$64,932,611"
https://iac.university/indexSic/28,28,Chemicals And Allied Products,"1,115","8,370","$266,835,749"
https://iac.university/indexSic/29,29,Petroleum And Coal Products,190,"1,353","$51,832,768"
https://iac.university/indexSic/30,30,Rubber And Miscellaneous Plastics Products,"2,146","16,677","$259,524,203"
https://iac.university/indexSic/31,31,Leather And Leather Products,89,631,"$6,447,084"
https://iac.university/indexSic/32,32,"Stone, Clay, And Glass Products",775,"5,593","$201,701,430"
https://iac.university/indexSic/33,33,Primary Metal Industries,"1,320","10,165","$267,244,543"
https://iac.university/indexSic/34,34,Fabricated Metal Products,"2,592","19,678","$246,560,359"
https://iac.university/indexSic/35,35,Industrial Machinery And Equipment,"2,010","14,846","$153,425,087"
https://iac.university/indexSic/36,36,Electronic & Other Electric Equipment,"1,120","8,287","$128,082,538"
https://iac.university/indexSic/37,37,Transportation Equipment,"1,186","9,121","$161,122,741"
https://iac.university/indexSic/38,38,Instruments And Related Products,543,"3,953","$56,255,778"
https://iac.university/indexSic/39,39,Miscellaneous Manufacturing Industries,336,"2,497","$33,883,394"
https://iac.university/indexSic/40,40,"Transportation, Communications, Electric, Gas, And Sanitary Services",-,-,-
https://iac.university/indexSic/41,41,Local And Interurban Passenger Transit,1,8,"$528,893"
https://iac.university/indexSic/42,42,Trucking And Warehousing,18,129,"$2,024,865"
https://iac.university/indexSic/43,43,U.s. Postal Service,1,8,"$15,202"
https://iac.university/indexSic/44,44,Water Transportation,1,7,"$100,835"
https://iac.university/indexSic/45,45,Transportation By Air,6,40,"$128,526"
https://iac.university/indexSic/46,46,"Pipelines, Except Natural Gas",1,4,"$65,998"
https://iac.university/indexSic/47,47,Transportation Services,9,70,"$1,130,148"
https://iac.university/indexSic/48,48,Communication,-,-,-
https://iac.university/indexSic/49,49,"Electric, Gas, And Sanitary Services",378,"2,147","$86,435,877"
https://iac.university/indexSic/50,50,Wholesale Trade,29,221,"$2,500,146"
https://iac.university/indexSic/51,51,Wholesale Tradenondurable Goods,31,229,"$4,899,754"
https://iac.university/indexSic/52,52,Building Materials & Garden Supplies,2,9,"$6,247"
https://iac.university/indexSic/53,53,General Merchandise Stores,2,8,"$26,554"
https://iac.university/indexSic/54,54,Food Stores,4,24,"$123,452"
https://iac.university/indexSic/55,55,Automotive Dealers & Service Stations,3,21,"$109,339"
https://iac.university/indexSic/56,56,Apparel And Accessory Stores,-,-,-
https://iac.university/indexSic/57,57,Furniture And Homefurnishings Stores,-,-,-
https://iac.university/indexSic/58,58,Eating And Drinking Places,1,4,"$10,437"
https://iac.university/indexSic/59,59,Miscellaneous Retail,11,80,"$722,745"
https://iac.university/indexSic/60,60,Retail Trade,1,4,"$25,902"
https://iac.university/indexSic/61,61,Nondepository Institutions,-,-,-
https://iac.university/indexSic/62,62,Security And Commodity Brokers,-,-,-
https://iac.university/indexSic/63,63,Insurance Carriers,-,-,-
https://iac.university/indexSic/64,64,"Insurance Agents, Brokers, & Service",-,-,-
https://iac.university/indexSic/65,65,Real Estate,11,62,"$649,784"
https://iac.university/indexSic/67,67,Holding And Other Investment Offices,-,-,-
https://iac.university/indexSic/70,70,"Finance, Insurance, And Real Estate",11,62,"$1,021,391"
https://iac.university/indexSic/72,72,Personal Services,14,106,"$2,031,671"
https://iac.university/indexSic/73,73,Business Services,9,68,"$379,827"
https://iac.university/indexSic/75,75,"Auto Repair, Services, And Parking",6,42,"$276,847"
https://iac.university/indexSic/76,76,Miscellaneous Repair Services,7,59,"$467,265"
https://iac.university/indexSic/78,78,Motion Pictures,-,-,-
https://iac.university/indexSic/79,79,Amusement & Recreation Services,11,59,"$552,236"
https://iac.university/indexSic/80,80,Health Services,17,111,"$2,137,063"
https://iac.university/indexSic/81,81,Legal Services,3,18,"$28,148"
https://iac.university/indexSic/82,82,Educational Services,49,275,"$1,921,943"
https://iac.university/indexSic/83,83,Social Services,9,50,"$414,280"
https://iac.university/indexSic/84,84,"Museums, Botanical, Zoological Gardens",13,76,"$383,065"
https://iac.university/indexSic/86,86,Membership Organizations,3,12,"$62,117"
https://iac.university/indexSic/87,87,Engineering & Management Services,18,102,"$1,894,382"
https://iac.university/indexSic/88,88,Private Households,-,-,-
https://iac.university/indexSic/89,89,"Services, Nec",5,23,"$43,061"
https://iac.university/indexSic/018,18,Horticultural Specialties,3,20,"$884,667"
https://iac.university/indexSic/019,19,"General Farms, Primarily Crop",-,-,-
https://iac.university/indexSic/071,71,Soil Preparation Services,-,-,-
https://iac.university/indexSic/074,74,Veterinary Services,-,-,-
https://iac.university/indexSic/085,85,Forestry Services,-,-,-
https://iac.university/indexSic/091,91,Commercial Fishing,-,-,-
https://iac.university/indexSic/092,92,Fish Hatcheries And Preserves,1,3,"$120,914"
https://iac.university/indexSic/097,97,"Hunting, Trapping, Game Propagation",-,-,-
https://iac.university/indexSic/101,101,Iron Ores,-,-,-
https://iac.university/indexSic/102,102,Copper Ores,3,20,"$10,765,862"
https://iac.university/indexSic/103,103,Lead And Zinc Ores,-,-,-
https://iac.university/indexSic/104,104,Gold And Silver Ores,4,29,"$11,396,079"
https://iac.university/indexSic/106,106,"Ferroalloy Ores, Except Vanadium",-,-,-
https://iac.university/indexSic/108,108,Metal Mining Services,-,-,-
https://iac.university/indexSic/109,109,Miscellaneous Metal Ores,-,-,-
https://iac.university/indexSic/122,122,Bituminous Coal And Lignite Mining,2,13,"$55,291"
https://iac.university/indexSic/123,123,Anthracite Mining,-,-,-
https://iac.university/indexSic/124,124,Coal Mining Services,-,-,-
https://iac.university/indexSic/131,131,Crude Petroleum And Natural Gas,3,22,"$1,185,833"
https://iac.university/indexSic/132,132,Natural Gas Liquids,-,-,-
https://iac.university/indexSic/138,138,Oil And Gas Field Services,1,7,"$9,251"
https://iac.university/indexSic/141,141,Dimension Stone,1,6,"$17,368"
https://iac.university/indexSic/142,142,Crushed And Broken Stone,5,24,"$949,374"
https://iac.university/indexSic/144,144,Sand And Gravel,18,115,"$3,525,083"
https://iac.university/indexSic/145,145,"Clay, Ceramic, & Refractory Minerals",1,7,"$101,716"
https://iac.university/indexSic/147,147,Chemical And Fertilizer Minerals,6,37,"$7,350,868"
https://iac.university/indexSic/148,148,Nonmetallic Minerals Services,-,-,-
https://iac.university/indexSic/149,149,Miscellaneous Nonmetallic Minerals,-,-,-
https://iac.university/indexSic/152,152,Residential Building Construction,-,-,-
https://iac.university/indexSic/153,153,Operative Builders,-,-,-
https://iac.university/indexSic/154,154,Nonresidential Building Construction,-,-,-
https://iac.university/indexSic/161,161,Highway And Street Construction,-,-,-
https://iac.university/indexSic/162,162,"Heavy Construction, Except Highway",6,38,"$472,489"
https://iac.university/indexSic/171,171,"Plumbing, Heating, Air-conditioning",-,-,-
https://iac.university/indexSic/172,172,Painting And Paper Hanging,2,17,"$106,023"
https://iac.university/indexSic/173,173,Electrical Work,1,4,"$18,673"
https://iac.university/indexSic/174,174,"Masonry, Stonework, And Plastering",-,-,-
https://iac.university/indexSic/175,175,Carpentry And Floor Work,-,-,-
https://iac.university/indexSic/176,176,"Roofing, Siding, And Sheet Metal Work",2,16,"$605,482"
https://iac.university/indexSic/177,177,Concrete Work,-,-,-
https://iac.university/indexSic/178,178,Water Well Drilling,-,-,-
https://iac.university/indexSic/179,179,Misc. Special Trade Contractors,-,-,-
https://iac.university/indexSic/201,201,Meat Products,369,"2,907","$45,852,002"
https://iac.university/indexSic/202,202,Dairy Products,342,"2,694","$51,629,964"
https://iac.university/indexSic/203,203,Preserved Fruits And Vegetables,355,"2,860","$65,728,439"
https://iac.university/indexSic/204,204,Grain Mill Products,271,"2,042","$28,702,960"
https://iac.university/indexSic/205,205,Bakery Products,311,"2,369","$36,923,067"
https://iac.university/indexSic/206,206,Sugar And Confectionery Products,126,973,"$17,759,613"
https://iac.university/indexSic/207,207,Fats And Oils,52,377,"$19,656,303"
https://iac.university/indexSic/208,208,Beverages,418,"3,155","$66,687,503"
https://iac.university/indexSic/209,209,Misc. Food And Kindred Products,397,"2,840","$50,038,109"
https://iac.university/indexSic/211,211,Cigarettes,5,53,"$3,198,410"
https://iac.university/indexSic/212,212,Cigars,2,12,"$262,744"
https://iac.university/indexSic/213,213,Chewing And Smoking Tobacco,7,52,"$910,566"
https://iac.university/indexSic/214,214,Tobacco Stemming And Redrying,5,46,"$962,854"
https://iac.university/indexSic/221,221,"Broadwoven Fabric Mills, Cotton",53,386,"$7,267,853"
https://iac.university/indexSic/222,222,"Broadwoven Fabric Mills, Manmade",35,263,"$4,385,760"
https://iac.university/indexSic/223,223,"Broadwoven Fabric Mills, Wool",29,214,"$3,434,803"
https://iac.university/indexSic/224,224,Narrow Fabric Mills,19,143,"$1,342,411"
https://iac.university/indexSic/225,225,Knitting Mills,75,522,"$7,530,217"
https://iac.university/indexSic/226,226,"Textile Finishing, Except Wool",65,480,"$9,922,030"
https://iac.university/indexSic/227,227,Carpets And Rugs,82,635,"$17,553,651"
https://iac.university/indexSic/228,228,Yarn And Thread Mills,96,642,"$9,547,307"
https://iac.university/indexSic/229,229,Miscellaneous Textile Goods,119,879,"$18,430,001"
https://iac.university/indexSic/231,231,"Men's And Boys' Suits, Coats, And Overcoats",19,126,"$617,039"
https://iac.university/indexSic/232,232,"Men's And Boys' Furnishings, Work Clothing",112,772,"$4,518,438"
https://iac.university/indexSic/233,233,"Women's, Misses', And Juniors' Outerwear",28,186,"$500,615"
https://iac.university/indexSic/234,234,"Women's, Misses', Children's, And Infants'",16,95,"$420,030"
https://iac.university/indexSic/235,235,"Hats, Caps, And Millinery",8,70,"$200,708"
https://iac.university/indexSic/236,236,"Girls', Children's, And Infants' Outerwear",14,88,"$398,369"
https://iac.university/indexSic/237,237,Fur Goods,1,17,"$146,909"
https://iac.university/indexSic/238,238,Miscellaneous Apparel And Accessories,31,197,"$1,452,082"
https://iac.university/indexSic/239,239,Misc. Fabricated Textile Products,118,832,"$10,661,238"
https://iac.university/indexSic/241,241,Logging,6,36,"$1,402,047"
https://iac.university/indexSic/242,242,Sawmills And Planing Mills,339,"2,409","$80,191,057"
https://iac.university/indexSic/243,243,"Millwork, Plywood & Structural",354,"2,455","$47,553,117"
https://iac.university/indexSic/244,244,Wood Containers,37,256,"$2,476,983"
https://iac.university/indexSic/245,245,Wood Buildings And Mobile Homes,76,504,"$10,014,754"
https://iac.university/indexSic/249,249,Miscellaneous Wood Products,189,"1,381","$33,044,075"
https://iac.university/indexSic/251,251,Household Furniture,224,"1,591","$19,931,439"
https://iac.university/indexSic/252,252,Office Furniture,86,612,"$7,272,804"
https://iac.university/indexSic/253,253,Public Building & Related Furniture,50,377,"$6,111,856"
https://iac.university/indexSic/254,254,Partitions And Fixtures,80,603,"$5,085,103"
https://iac.university/indexSic/259,259,Miscellaneous Furniture And Fixtures,33,257,"$2,292,613"
https://iac.university/indexSic/261,261,Pulp Mills,10,64,"$4,962,987"
https://iac.university/indexSic/262,262,Paper Mills,99,756,"$47,105,857"
https://iac.university/indexSic/263,263,Paperboard Mills,46,388,"$12,820,269"
https://iac.university/indexSic/265,265,Paperboard Containers And Boxes,439,"3,518","$58,062,584"
https://iac.university/indexSic/267,267,Misc. Converted Paper Products,396,"3,063","$47,121,208"
https://iac.university/indexSic/271,271,Newspapers,143,"1,073","$8,904,296"
https://iac.university/indexSic/272,272,Periodicals,9,69,"$495,545"
https://iac.university/indexSic/273,273,Books,50,375,"$4,762,867"
https://iac.university/indexSic/274,274,Miscellaneous Publishing,18,138,"$4,807,943"
https://iac.university/indexSic/275,275,Commercial Printing,440,"3,288","$40,972,759"
https://iac.university/indexSic/276,276,Manifold Business Forms,44,360,"$2,693,637"
https://iac.university/indexSic/277,277,Greeting Cards,7,51,"$507,182"
https://iac.university/indexSic/278,278,Blankbooks And Bookbinding,27,190,"$1,143,693"
https://iac.university/indexSic/279,279,Printing Trade Services,12,79,"$614,224"
https://iac.university/indexSic/281,281,Industrial Inorganic Chemicals,147,"1,054","$35,898,116"
https://iac.university/indexSic/282,282,Plastics Materials And Synthetics,181,"1,398","$32,849,188"
https://iac.university/indexSic/283,283,Drugs,208,"1,541","$48,460,376"
https://iac.university/indexSic/284,284,"Soap, Cleaners, And Toilet Goods",126,957,"$15,455,941"
https://iac.university/indexSic/285,285,Paints And Allied Products,92,741,"$7,775,416"
https://iac.university/indexSic/286,286,Industrial Organic Chemicals,125,920,"$76,616,698"
https://iac.university/indexSic/287,287,Agricultural Chemicals,40,254,"$19,525,179"
https://iac.university/indexSic/289,289,Miscellaneous Chemical Products,194,"1,493","$29,479,644"
https://iac.university/indexSic/291,291,Petroleum Refining,20,144,"$17,365,072"
https://iac.university/indexSic/295,295,Asphalt Paving And Roofing Materials,128,893,"$19,953,630"
https://iac.university/indexSic/299,299,Misc. Petroleum And Coal Products,41,309,"$13,639,916"
https://iac.university/indexSic/301,301,Tires And Inner Tubes,33,242,"$13,484,298"
https://iac.university/indexSic/302,302,Rubber And Plastics Footwear,7,49,"$429,991"
https://iac.university/indexSic/305,305,Hose & Belting & Gaskets & Packing,148,"1,176","$14,883,691"
https://iac.university/indexSic/306,306,"Fabricated Rubber Products, Nec",240,"1,993","$24,534,208"
https://iac.university/indexSic/308,308,"Miscellaneous Plastics Products, Nec","1,699","13,071","$204,368,184"
https://iac.university/indexSic/311,311,Leather Tanning And Finishing,19,144,"$1,379,551"
https://iac.university/indexSic/313,313,Footwear Cut Stock,4,27,"$84,238"
https://iac.university/indexSic/314,314,"Footwear, Except Rubber",46,327,"$2,671,859"
https://iac.university/indexSic/315,315,Leather Gloves And Mittens,3,21,"$124,899"
https://iac.university/indexSic/316,316,Luggage,5,31,"$352,042"
https://iac.university/indexSic/317,317,Handbags And Personal Leather Goods,5,30,"$1,623,682"
https://iac.university/indexSic/319,319,"Leather Goods, Nec",6,45,"$100,729"
https://iac.university/indexSic/321,321,Flat Glass,36,257,"$23,419,225"
https://iac.university/indexSic/322,322,"Glass And Glassware, Pressed Or Blown",57,458,"$17,537,363"
https://iac.university/indexSic/323,323,Products Of Purchased Glass,100,740,"$13,072,207"
https://iac.university/indexSic/324,324,"Cement, Hydraulic",35,221,"$37,091,838"
https://iac.university/indexSic/325,325,Structural Clay Products,83,585,"$14,336,316"
https://iac.university/indexSic/326,326,Pottery And Related Products,49,387,"$6,181,163"
https://iac.university/indexSic/327,327,"Concrete, Gypsum, And Plaster Products",219,"1,502","$40,036,603"
https://iac.university/indexSic/328,328,Cut Stone And Stone Products,29,177,"$2,503,439"
https://iac.university/indexSic/329,329,Misc. Nonmetallic Mineral Products,166,"1,261","$47,471,576"
https://iac.university/indexSic/331,331,Blast Furnace And Basic Steel Products,263,"2,029","$53,610,102"
https://iac.university/indexSic/332,332,Iron And Steel Foundries,271,"2,021","$61,439,999"
https://iac.university/indexSic/333,333,Primary Nonferrous Metals,33,252,"$8,474,602"
https://iac.university/indexSic/334,334,Secondary Nonferrous Metals,59,469,"$14,379,035"
https://iac.university/indexSic/335,335,Nonferrous Rolling And Drawing,249,"2,014","$58,678,362"
https://iac.university/indexSic/336,336,Nonferrous Foundries (castings),302,"2,368","$56,090,163"
https://iac.university/indexSic/339,339,Miscellaneous Primary Metal Products,142,"1,000","$14,500,621"
https://iac.university/indexSic/341,341,Metal Cans And Shipping Containers,116,932,"$13,856,240"
https://iac.university/indexSic/342,342,"Cutlery, Handtools, And Hardware",161,"1,176","$14,921,547"
https://iac.university/indexSic/343,343,"Plumbing And Heating, Except Electric",87,701,"$8,681,300"
https://iac.university/indexSic/344,344,Fabricated Structural Metal Products,749,"5,351","$54,475,242"
https://iac.university/indexSic/345,345,"Screw Machine Products, Bolts, Etc.",130,"1,020","$10,898,733"
https://iac.university/indexSic/346,346,Metal Forgings And Stampings,323,"2,574","$48,273,949"
https://iac.university/indexSic/347,347,"Metal Services, Nec",332,"2,486","$25,543,492"
https://iac.university/indexSic/348,348,"Ordnance And Accessories, Nec",48,364,"$5,807,372"
https://iac.university/indexSic/349,349,Misc. Fabricated Metal Products,640,"5,022","$61,407,511"
https://iac.university/indexSic/351,351,Engines And Turbines,61,482,"$7,087,626"
https://iac.university/indexSic/352,352,Farm And Garden Machinery,113,853,"$7,535,601"
https://iac.university/indexSic/353,353,Construction And Related Machinery,355,"2,717","$31,405,033"
https://iac.university/indexSic/354,354,Metalworking Machinery,273,"1,899","$18,060,570"
https://iac.university/indexSic/355,355,Special Industry Machinery,205,"1,497","$10,398,619"
https://iac.university/indexSic/356,356,General Industrial Machinery,425,"3,244","$33,380,670"
https://iac.university/indexSic/357,357,Computer And Office Equipment,61,426,"$5,349,143"
https://iac.university/indexSic/358,358,Refrigeration And Service Machinery,215,"1,610","$17,801,821"
https://iac.university/indexSic/359,359,"Industrial Machinery, Nec",300,"2,103","$22,233,681"
https://iac.university/indexSic/361,361,Electric Distribution Equipment,94,715,"$7,625,987"
https://iac.university/indexSic/362,362,Electrical Industrial Apparatus,169,"1,279","$19,092,712"
https://iac.university/indexSic/363,363,Household Appliances,54,403,"$6,863,442"
https://iac.university/indexSic/364,364,Electric Lighting And Wiring Equipment,170,"1,229","$14,266,941"
https://iac.university/indexSic/365,365,Household Audio And Video Equipment,27,184,"$2,943,295"
https://iac.university/indexSic/366,366,Communications Equipment,62,436,"$3,569,854"
https://iac.university/indexSic/367,367,Electronic Components And Accessories,414,"3,066","$54,815,871"
https://iac.university/indexSic/369,369,Misc. Electrical Equipment & Supplies,129,965,"$18,827,377"
https://iac.university/indexSic/371,371,Motor Vehicles And Equipment,653,"5,182","$94,961,041"
https://iac.university/indexSic/372,372,Aircraft And Parts,321,"2,346","$32,638,990"
https://iac.university/indexSic/373,373,Ship And Boat Building And Repairing,105,779,"$10,857,438"
https://iac.university/indexSic/374,374,Railroad Equipment,32,260,"$3,339,198"
https://iac.university/indexSic/375,375,"Motorcycles, Bicycles, And Parts",9,61,"$533,482"
https://iac.university/indexSic/376,376,"Guided Missiles, Space Vehicles, Parts",19,139,"$4,847,181"
https://iac.university/indexSic/379,379,Miscellaneous Transportation Equipment,47,354,"$13,945,411"
https://iac.university/indexSic/381,381,Search And Navigation Equipment,27,181,"$4,028,590"
https://iac.university/indexSic/382,382,Measuring And Controlling Devices,231,"1,656","$20,248,481"
https://iac.university/indexSic/384,384,Medical Instruments And Supplies,239,"1,738","$27,287,965"
https://iac.university/indexSic/385,385,Ophthalmic Goods,17,169,"$2,321,375"
https://iac.university/indexSic/386,386,Photographic Equipment And Supplies,23,170,"$2,045,344"
https://iac.university/indexSic/387,387,"Watches, Clocks, Watchcases & Parts",5,35,"$287,184"
https://iac.university/indexSic/391,391,"Jewelry, Silverware, And Plated Ware",9,65,"$478,113"
https://iac.university/indexSic/393,393,Musical Instruments,17,112,"$975,537"
https://iac.university/indexSic/394,394,Toys And Sporting Goods,85,626,"$6,748,176"
https://iac.university/indexSic/395,395,"Pens, Pencils, Office, & Art Supplies",30,226,"$3,203,873"
https://iac.university/indexSic/396,396,Costume Jewelry And Notions,10,82,"$1,977,984"
https://iac.university/indexSic/399,399,Miscellaneous Manufactures,185,"1,386","$20,499,711"
https://iac.university/indexSic/401,401,Railroads,-,-,-
https://iac.university/indexSic/411,411,Local And Suburban Transportation,1,8,"$528,893"
https://iac.university/indexSic/412,412,Taxicabs,-,-,-
https://iac.university/indexSic/413,413,Intercity And Rural Bus Transportation,-,-,-
https://iac.university/indexSic/414,414,Bus Charter Service,-,-,-
https://iac.university/indexSic/415,415,School Buses,-,-,-
https://iac.university/indexSic/417,417,Bus Terminal And Service Facilities,-,-,-
https://iac.university/indexSic/421,421,"Trucking & Courier Services, Ex. Air",-,-,-
https://iac.university/indexSic/422,422,Public Warehousing And Storage,18,129,"$2,024,865"
https://iac.university/indexSic/423,423,Trucking Terminal Facilities,-,-,-
https://iac.university/indexSic/431,431,U.s. Postal Service,-,-,-
https://iac.university/indexSic/441,441,Deep Sea Foreign Trans. Of Freight,-,-,-
https://iac.university/indexSic/442,442,Deep Sea Domestic Trans. Of Freight,-,-,-
https://iac.university/indexSic/443,443,Freight Trans. On The Great Lakes,-,-,-
https://iac.university/indexSic/444,444,"Water Transportation Of Freight, Nec",-,-,-
https://iac.university/indexSic/448,448,Water Transportation Of Passengers,-,-,-
https://iac.university/indexSic/449,449,Water Transportation Services,1,7,"$100,835"
https://iac.university/indexSic/451,451,"Air Transportation, Scheduled",-,-,-
https://iac.university/indexSic/452,452,"Air Transportation, Nonscheduled",-,-,-
https://iac.university/indexSic/458,458,"Airports, Flying Fields, & Services",6,40,"$128,526"
https://iac.university/indexSic/461,461,"Pipelines, Except Natural Gas",1,4,"$65,998"
https://iac.university/indexSic/472,472,Passenger Transportation Arrangement,-,-,-
https://iac.university/indexSic/473,473,Freight Transportation Arrangement,4,34,"$703,293"
https://iac.university/indexSic/474,474,Rental Of Railroad Cars,-,-,-
https://iac.university/indexSic/478,478,Miscellaneous Transportation Services,5,36,"$426,855"
https://iac.university/indexSic/481,481,Telephone Communication,-,-,-
https://iac.university/indexSic/482,482,Telegraph & Other Communications,-,-,-
https://iac.university/indexSic/483,483,Radio And Television Broadcasting,-,-,-
https://iac.university/indexSic/484,484,Cable And Other Pay Tv Services,-,-,-
https://iac.university/indexSic/489,489,"Communication Services, Nec",-,-,-
https://iac.university/indexSic/491,491,Electric Services,3,18,"$1,234,805"
https://iac.university/indexSic/492,492,Gas Production And Distribution,-,-,-
https://iac.university/indexSic/493,493,Combination Utility Services,1,4,"$1,308,571"
https://iac.university/indexSic/494,494,Water Supply,102,537,"$11,454,626"
https://iac.university/indexSic/495,495,Sanitary Services,268,"1,568","$72,151,848"
https://iac.university/indexSic/496,496,Steam And Air-conditioning Supply,4,20,"$286,028"
https://iac.university/indexSic/497,497,Irrigation Systems,-,-,-
https://iac.university/indexSic/501,501,"Motor Vehicles, Parts, And Supplies",2,15,"$53,018"
https://iac.university/indexSic/502,502,Furniture And Homefurnishings,-,-,-
https://iac.university/indexSic/503,503,Lumber And Construction Materials,5,36,"$536,364"
https://iac.university/indexSic/504,504,Professional & Commercial Equipment,3,26,"$281,469"
https://iac.university/indexSic/505,505,"Metals And Minerals, Except Petroleum",5,34,"$201,353"
https://iac.university/indexSic/506,506,Electrical Goods,2,15,"$271,744"
https://iac.university/indexSic/507,507,"Hardware, Plumbing & Heating Equipment",3,23,"$338,702"
https://iac.university/indexSic/508,508,"Machinery, Equipment, And Supplies",4,44,"$422,462"
https://iac.university/indexSic/509,509,Miscellaneous Durable Goods,5,28,"$395,034"
https://iac.university/indexSic/511,511,Paper And Paper Products,-,-,-
https://iac.university/indexSic/512,512,"Drugs, Proprietaries, And Sundries",2,11,"$270,380"
https://iac.university/indexSic/513,513,"Apparel, Piece Goods, And Notions",-,-,-
https://iac.university/indexSic/514,514,Groceries And Related Products,15,109,"$2,041,082"
https://iac.university/indexSic/515,515,Farm-product Raw Materials,3,12,"$136,056"
https://iac.university/indexSic/516,516,Chemicals And Allied Products,3,42,"$1,239,384"
https://iac.university/indexSic/517,517,Petroleum And Petroleum Products,1,9,"$373,372"
https://iac.university/indexSic/518,518,"Beer, Wine, And Distilled Beverages",5,36,"$815,512"
https://iac.university/indexSic/519,519,Misc. Nondurable Goods,2,10,"$23,968"
https://iac.university/indexSic/521,521,Lumber And Other Building Materials,-,-,-
https://iac.university/indexSic/523,523,"Paint, Glass, And Wallpaper Stores",-,-,-
https://iac.university/indexSic/525,525,Hardware Stores,1,5,"$5,158"
https://iac.university/indexSic/526,526,Retail Nurseries And Garden Stores,1,4,"$1,089"
https://iac.university/indexSic/527,527,Mobile Home Dealers,-,-,-
https://iac.university/indexSic/531,531,Department Stores,2,8,"$26,554"
https://iac.university/indexSic/533,533,Variety Stores,-,-,-
https://iac.university/indexSic/539,539,Misc. General Merchandise Stores,-,-,-
https://iac.university/indexSic/541,541,Grocery Stores,2,10,"$11,612"
https://iac.university/indexSic/542,542,Meat And Fish Markets,-,-,-
https://iac.university/indexSic/543,543,Fruit And Vegetable Markets,-,-,-
https://iac.university/indexSic/544,544,"Candy, Nut, And Confectionery Stores",1,8,"$20,213"
https://iac.university/indexSic/545,545,Dairy Products Stores,-,-,-
https://iac.university/indexSic/546,546,Retail Bakeries,1,6,"$91,628"
https://iac.university/indexSic/549,549,Miscellaneous Food Stores,-,-,-
https://iac.university/indexSic/551,551,New And Used Car Dealers,2,16,"$93,867"
https://iac.university/indexSic/552,552,Used Car Dealers,-,-,-
https://iac.university/indexSic/553,553,Auto And Home Supply Stores,-,-,-
https://iac.university/indexSic/554,554,Gasoline Service Stations,-,-,-
https://iac.university/indexSic/555,555,Boat Dealers,1,5,"$15,472"
https://iac.university/indexSic/556,556,Recreational Vehicle Dealers,-,-,-
https://iac.university/indexSic/557,557,Motorcycle Dealers,-,-,-
https://iac.university/indexSic/559,559,"Automotive Dealers, Nec",-,-,-
https://iac.university/indexSic/565,565,Family Clothing Stores,-,-,-
https://iac.university/indexSic/566,566,Shoe Stores,-,-,-
https://iac.university/indexSic/569,569,Misc. Apparel & Accessory Stores,-,-,-
https://iac.university/indexSic/571,571,Furniture And Homefurnishings Stores,-,-,-
https://iac.university/indexSic/572,572,Household Appliance Stores,-,-,-
https://iac.university/indexSic/573,573,"Radio, Television, & Computer Stores",-,-,-
https://iac.university/indexSic/581,581,Eating And Drinking Places,1,4,"$10,437"
https://iac.university/indexSic/591,591,Drug Stores And Proprietary Stores,-,-,-
https://iac.university/indexSic/592,592,Liquor Stores,-,-,-
https://iac.university/indexSic/593,593,Used Merchandise Stores,1,7,"$15,124"
https://iac.university/indexSic/594,594,Miscellaneous Shopping Goods Stores,9,53,"$487,962"
https://iac.university/indexSic/596,596,Nonstore Retailers,-,-,-
https://iac.university/indexSic/598,598,Fuel Dealers,-,-,-
https://iac.university/indexSic/599,599,"Retail Stores, Nec",1,20,"$219,658"
https://iac.university/indexSic/601,601,Central Reserve Depository,-,-,-
https://iac.university/indexSic/602,602,Commercial Banks,1,4,"$25,902"
https://iac.university/indexSic/603,603,Savings Institutions,-,-,-
https://iac.university/indexSic/606,606,Credit Unions,-,-,-
https://iac.university/indexSic/608,608,Foreign Bank & Branches + Agencies,-,-,-
https://iac.university/indexSic/609,609,Functions Closely Related To Banking,-,-,-
https://iac.university/indexSic/611,611,Federal & Fed.-sponsored Credit,-,-,-
https://iac.university/indexSic/614,614,Personal Credit Institutions,-,-,-
https://iac.university/indexSic/615,615,Business Credit Institutions,-,-,-
https://iac.university/indexSic/616,616,Mortgage Bankers And Brokers,-,-,-
https://iac.university/indexSic/621,621,Security Brokers And Dealers,-,-,-
https://iac.university/indexSic/622,622,"Commodity Contracts Brokers, Dealers",-,-,-
https://iac.university/indexSic/623,623,Security And Commodity Exchanges,-,-,-
https://iac.university/indexSic/628,628,Security And Commodity Services,-,-,-
https://iac.university/indexSic/631,631,Life Insurance,-,-,-
https://iac.university/indexSic/632,632,Medical Service And Health Insurance,-,-,-
https://iac.university/indexSic/633,633,"Fire, Marine, And Casualty Insurance",-,-,-
https://iac.university/indexSic/635,635,Surety Insurance,-,-,-
https://iac.university/indexSic/636,636,Title Insurance,-,-,-
https://iac.university/indexSic/637,637,"Pension, Health, And Welfare Funds",-,-,-
https://iac.university/indexSic/639,639,"Insurance Carriers, Nec",-,-,-
https://iac.university/indexSic/641,641,"Insurance Agents, Brokers, & Service",-,-,-
https://iac.university/indexSic/651,651,Real Estate Operators And Lessors,2,15,"$98,780"
https://iac.university/indexSic/653,653,Real Estate Agents And Managers,-,-,-
https://iac.university/indexSic/654,654,Title Abstract Offices,9,47,"$551,004"
https://iac.university/indexSic/655,655,Subdividers And Developers,-,-,-
https://iac.university/indexSic/671,671,Holding Offices,-,-,-
https://iac.university/indexSic/672,672,Investment Offices,-,-,-
https://iac.university/indexSic/673,673,Trusts,-,-,-
https://iac.university/indexSic/679,679,Miscellaneous Investing,-,-,-
https://iac.university/indexSic/701,701,Hotels And Motels,11,62,"$1,021,391"
https://iac.university/indexSic/702,702,Rooming And Boarding Houses,-,-,-
https://iac.university/indexSic/703,703,Camps And Recreational Vehicle Parks,-,-,-
https://iac.university/indexSic/704,704,Membership-basis Organization Hotels,-,-,-
https://iac.university/indexSic/721,721,"Laundry, Cleaning, & Garment Services",10,69,"$1,064,574"
https://iac.university/indexSic/722,722,"Photographic Studios, Portrait",-,-,-
https://iac.university/indexSic/723,723,Beauty Shops,4,37,"$967,097"
https://iac.university/indexSic/724,724,Barber Shops,-,-,-
https://iac.university/indexSic/725,725,Shoe Repair And Shoeshine Parlors,-,-,-
https://iac.university/indexSic/726,726,Funeral Service And Crematories,-,-,-
https://iac.university/indexSic/729,729,Miscellaneous Personal Services,-,-,-
https://iac.university/indexSic/731,731,Advertising,-,-,-
https://iac.university/indexSic/732,732,Credit Reporting And Collection,-,-,-
https://iac.university/indexSic/733,733,"Mailing, Reproduction, Stenographic",2,20,"$38,688"
https://iac.university/indexSic/734,734,Services To Buildings,-,-,-
https://iac.university/indexSic/735,735,Misc. Equipment Rental & Leasing,-,-,-
https://iac.university/indexSic/736,736,Personnel Supply Services,-,-,-
https://iac.university/indexSic/737,737,Computer And Data Processing Services,1,5,"$30,214"
https://iac.university/indexSic/738,738,Miscellaneous Business Services,6,43,"$310,925"
https://iac.university/indexSic/751,751,"Automotive Rentals, No Drivers",-,-,-
https://iac.university/indexSic/752,752,Automobile Parking,-,-,-
https://iac.university/indexSic/753,753,Automotive Repair Shops,6,42,"$276,847"
https://iac.university/indexSic/754,754,"Automotive Services, Except Repair",-,-,-
https://iac.university/indexSic/762,762,Electrical Repair Shops,-,-,-
https://iac.university/indexSic/763,763,"Watch, Clock, And Jewelry Repair",-,-,-
https://iac.university/indexSic/764,764,Reupholstery And Furniture Repair,-,-,-
https://iac.university/indexSic/769,769,Miscellaneous Repair Shops,7,59,"$467,265"
https://iac.university/indexSic/781,781,Motion Picture Production & Services,-,-,-
https://iac.university/indexSic/782,782,Motion Picture Distribution & Services,-,-,-
https://iac.university/indexSic/783,783,Motion Picture Theaters,-,-,-
https://iac.university/indexSic/784,784,Video Tape Rental,-,-,-
https://iac.university/indexSic/791,791,"Dance Studios, Schools, And Halls",-,-,-
https://iac.university/indexSic/792,792,"Producers, Orchestras, Entertainers",2,9,"$37,636"
https://iac.university/indexSic/793,793,Bowling Centers,1,4,"$13,250"
https://iac.university/indexSic/794,794,Commercial Sports,-,-,-
https://iac.university/indexSic/799,799,"Misc. Amusement, Recreation Services",8,46,"$501,350"
https://iac.university/indexSic/801,801,Offices & Clinics Of Medical Doctors,2,9,"$50,435"
https://iac.university/indexSic/802,802,Offices And Clinics Of Dentists,-,-,-
https://iac.university/indexSic/803,803,Offices Of Osteopathic Physicians,-,-,-
https://iac.university/indexSic/804,804,Offices Of Other Health Practitioners,-,-,-
https://iac.university/indexSic/805,805,Nursing And Personal Care Facilities,2,11,"$130,243"
https://iac.university/indexSic/806,806,Hospitals,9,69,"$1,766,998"
https://iac.university/indexSic/807,807,Medical And Dental Laboratories,1,3,"$58,734"
https://iac.university/indexSic/808,808,Home Health Care Services,-,-,-
https://iac.university/indexSic/809,809,"Health And Allied Services, Nec",3,19,"$130,654"
https://iac.university/indexSic/811,811,Legal Services,3,18,"$28,148"
https://iac.university/indexSic/821,821,Elementary And Secondary Schools,28,171,"$1,099,232"
https://iac.university/indexSic/822,822,Colleges And Universities,15,73,"$661,030"
https://iac.university/indexSic/823,823,Libraries,3,12,"$77,104"
https://iac.university/indexSic/824,824,Vocational Schools,1,6,"$49,772"
https://iac.university/indexSic/829,829,"Schools & Educational Services, Nec",2,13,"$34,805"
https://iac.university/indexSic/832,832,Individual And Family Services,4,23,"$303,183"
https://iac.university/indexSic/833,833,Job Training And Related Services,-,-,-
https://iac.university/indexSic/835,835,Child Day Care Services,2,7,"$24,437"
https://iac.university/indexSic/836,836,Residential Care,-,-,-
https://iac.university/indexSic/839,839,"Social Services, Nec",3,20,"$86,660"
https://iac.university/indexSic/841,841,Museums And Art Galleries,8,42,"$251,644"
https://iac.university/indexSic/842,842,Botanical And Zoological Gardens,5,34,"$131,421"
https://iac.university/indexSic/861,861,Business Associations,1,4,"$44,288"
https://iac.university/indexSic/862,862,Professional Organizations,-,-,-
https://iac.university/indexSic/863,863,Labor Organizations,-,-,-
https://iac.university/indexSic/864,864,Civic And Social Associations,-,-,-
https://iac.university/indexSic/865,865,Political Organizations,-,-,-
https://iac.university/indexSic/866,866,Religious Organizations,2,8,"$17,829"
https://iac.university/indexSic/869,869,"Membership Organizations, Nec",-,-,-
https://iac.university/indexSic/871,871,Engineering & Architectural Services,7,38,"$812,538"
https://iac.university/indexSic/872,872,"Accounting, Auditing, & Bookkeeping",-,-,-
https://iac.university/indexSic/873,873,Research And Testing Services,8,52,"$962,204"
https://iac.university/indexSic/874,874,Management And Public Relations,3,12,"$119,639"
https://iac.university/indexSic/881,881,Private Households,-,-,-
https://iac.university/indexSic/899,899,"Services, Nec",5,23,"$43,061"
,181,Ornamental Nursery Products,1,5,"$135,793"
,182,Food Crops Grown Under Cover,2,15,"$748,874"
,191,"General Farms, Primarily Crop",-,-,-
,711,Soil Preparation Services,-,-,-
,741,Veterinary Services For Livestock,-,-,-
,742,"Veterinary Services, Specialties",-,-,-
,851,Forestry Services,-,-,-
,912,Finfish,-,-,-
,913,Shellfish,-,-,-
,919,Miscellaneous Marine Products,-,-,-
,921,Fish Hatcheries And Preserves,1,3,"$120,914"
,971,"Hunting, Trapping, Game Propagation",-,-,-
,1011,Iron Ores,-,-,-
,1021,Copper Ores,3,20,"$10,765,862"
,1031,Lead And Zinc Ores,-,-,-
,1041,Gold Ores,4,29,"$11,396,079"
,1044,Silver Ores,-,-,-
,1061,"Ferroalloy Ores, Except Vanadium",-,-,-
,1081,Metal Mining Services,-,-,-
,1094,Uranium-radium-vanadium Ores,-,-,-
,1099,"Metal Ores, Nec",-,-,-
,1221,Bituminous Coal And Lignitesurface,2,13,"$55,291"
,1222,Bituminous Coalunderground,-,-,-
,1231,Anthracite Mining,-,-,-
,1241,Coal Mining Services,-,-,-
,1311,Crude Petroleum And Natural Gas,3,22,"$1,185,833"
,1321,Natural Gas Liquids,-,-,-
,1381,Drilling Oil And Gas Wells,-,-,-
,1382,Oil And Gas Exploration Services,-,-,-
,1389,"Oil And Gas Field Services, Nec",1,7,"$9,251"
,1411,Dimension Stone,1,6,"$17,368"
,1422,Crushed And Broken Limestone,3,12,"$677,368"
,1423,Crushed And Broken Granite,1,7,"$59,359"
,1429,"Crushed And Broken Stone, Nec",1,5,"$212,647"
,1442,Construction Sand And Gravel,9,45,"$2,336,351"
,1446,Industrial Sand,9,70,"$1,188,732"
,1455,Kaolin And Ball Clay,-,-,-
,1459,"Clay And Related Minerals, Nec",1,7,"$101,716"
,1474,"Potash, Soda, And Borate Minerals",1,7,"$1,939,600"
,1475,Phosphate Rock,1,6,"$5,062,757"
,1479,"Chemical And Fertilizer Mining, Nec",4,24,"$348,511"
,1481,Nonmetallic Minerals Services,-,-,-
,1499,Miscellaneous Nonmetallic Minerals,-,-,-
,1521,Single-family Housing Construction,-,-,-
,1522,"Residential Construction, Nec",-,-,-
,1531,Operative Builders,-,-,-
,1541,Industrial Buildings And Warehouses,-,-,-
,1542,"Nonresidential Construction, Nec",-,-,-
,1611,Highway And Street Construction,-,-,-
,1622,"Bridge, Tunnel, & Elevated Highway",-,-,-
,1623,"Water, Sewer, And Utility Lines",6,38,"$472,489"
,1629,"Heavy Construction, Nec",-,-,-
,1711,"Plumbing, Heating, Air-conditioning",-,-,-
,1721,Painting And Paper Hanging,2,17,"$106,023"
,1731,Electrical Work,1,4,"$18,673"
,1741,Masonry And Other Stonework,-,-,-
,1742,"Plastering, Drywall, And Insulation",-,-,-
,1743,"Terrazzo, Tile, Marble, Mosaic Work",-,-,-
,1751,Carpentry Work,-,-,-
,1752,"Floor Laying And Floor Work, Nec",-,-,-
,1761,"Roofing, Siding, And Sheet Metal Work",2,16,"$605,482"
,1771,Concrete Work,-,-,-
,1781,Water Well Drilling,-,-,-
,1791,Structural Steel Erection,-,-,-
,1793,Glass And Glazing Work,-,-,-
,1794,Excavation Work,-,-,-
,1795,Wrecking And Demolition Work,-,-,-
,1796,"Installing Building Equipment, Nec",-,-,-
,1799,"Special Trade Contractors, Nec",-,-,-
,2011,Meat Packing Plants,97,765,"$9,092,716"
,2013,Sausages And Other Prepared Meats,180,"1,399","$19,963,025"
,2015,Poultry Slaughtering And Processing,88,710,"$16,670,042"
,2021,Creamery Butter,7,71,"$1,039,442"
,2022,"Cheese, Natural And Processed",64,490,"$11,772,999"
,2023,"Dry, Condensed, Evaporated  Products",35,266,"$4,009,565"
,2024,Ice Cream And Frozen Desserts,63,497,"$9,470,256"
,2026,Fluid Milk,169,"1,338","$24,710,073"
,2032,Canned Specialties,32,268,"$7,190,508"
,2033,Canned Fruits And Vegetables,106,897,"$19,768,990"
,2034,"Dehydrated Fruits, Vegetables, Soups",21,171,"$4,576,210"
,2035,"Pickles, Sauces, And Salad Dressings",57,421,"$6,763,704"
,2037,Frozen Fruits And Vegetables,85,645,"$14,993,375"
,2038,"Frozen Specialties, Nec",50,419,"$11,682,022"
,2041,Flour And Other Grain Mill Products,44,331,"$9,676,438"
,2043,Cereal Breakfast Foods,16,144,"$2,678,567"
,2044,Rice Milling,24,183,"$2,886,811"
,2045,Prepared Flour Mixes And Doughs,21,172,"$1,505,022"
,2046,Wet Corn Milling,5,36,"$269,729"
,2047,Dog And Cat Food,39,297,"$5,738,150"
,2048,"Prepared Feeds, Nec",120,862,"$5,907,458"
,2051,"Bread, Cake, And Related Products",244,"1,817","$25,907,913"
,2052,Cookies And Crackers,45,359,"$6,717,218"
,2053,"Frozen Bakery Products, Except Bread",20,174,"$4,070,989"
,2061,Raw Cane Sugar,7,47,"$359,639"
,2062,Cane Sugar Refining,7,63,"$3,225,018"
,2063,Beet Sugar,5,31,"$981,976"
,2064,Candy & Other Confectionery Products,67,498,"$7,106,094"
,2066,Chocolate And Cocoa Products,17,148,"$2,866,578"
,2067,Chewing Gum,2,19,"$286,597"
,2068,Salted And Roasted Nuts And Seeds,21,167,"$2,933,710"
,2074,Cottonseed Oil Mills,6,39,"$993,448"
,2075,Soybean Oil Mills,6,40,"$7,830,363"
,2076,"Vegetable Oil Mills, Nec",3,19,"$230,504"
,2077,Animal And Marine Fats And Oils,15,98,"$3,984,600"
,2079,"Edible Fats And Oils, Nec",22,181,"$6,617,388"
,2082,Malt Beverages,83,547,"$13,061,505"
,2083,Malt,9,57,"$2,316,162"
,2084,"Wines, Brandy, And Brandy Spirits",61,434,"$6,525,266"
,2085,Distilled And Blended Liquors,24,176,"$7,976,948"
,2086,Bottled And Canned Soft Drinks,209,"1,671","$32,407,870"
,2087,"Flavoring Extracts And Syrups, Nec",32,270,"$4,399,753"
,2091,Canned And Cured Fish And Seafoods,16,135,"$3,204,559"
,2092,Fresh Or Frozen Prepared Fish,70,468,"$9,414,829"
,2095,Roasted Coffee,27,186,"$1,583,166"
,2096,Potato Chips And Similar Snacks,62,456,"$6,588,420"
,2097,Manufactured Ice,12,64,"$1,625,753"
,2098,Macaroni And Spaghetti,13,113,"$1,279,058"
,2099,"Food Preparations, Nec",194,"1,400","$26,244,835"
,2111,Cigarettes,4,46,"$3,175,881"
,2121,Cigars,1,5,"$252,900"
,2131,Chewing And Smoking Tobacco,5,40,"$718,704"
,2141,Tobacco Stemming And Redrying,4,38,"$541,277"
,2211,"Broadwoven Fabric Mills, Cotton",46,340,"$5,762,939"
,2221,"Broadwoven Fabric Mills, Manmade",34,256,"$4,313,847"
,2231,"Broadwoven Fabric Mills, Wool",28,208,"$3,340,453"
,2241,Narrow Fabric Mills,19,143,"$1,342,411"
,2251,"Women's Full-Length and Knee-Length Hosiery, Except Socks",11,73,"$664,405"
,2252,"Hosiery, Nec",29,206,"$1,153,508"
,2253,Knit Outerwear Mills,11,79,"$1,355,400"
,2254,Knit Underwear Mills,5,41,"$1,386,047"
,2257,Weft Knit Fabric Mills,2,15,"$160,379"
,2258,Lace & Warp Knit Fabric Mills,13,80,"$2,156,873"
,2259,"Knitting Mills, Nec",4,28,"$653,606"
,2261,"Finishing Plants, Cotton",26,171,"$3,832,805"
,2262,"Finishing Plants, Manmade",7,59,"$836,978"
,2269,"Finishing Plants, Nec",29,226,"$3,100,835"
,2273,Carpets And Rugs,82,635,"$17,553,651"
,2281,Yarn Spinning Mills,68,472,"$7,695,004"
,2282,Throwing And Winding Mills,16,94,"$958,197"
,2284,Thread Mills,11,69,"$784,732"
,2295,"Coated Fabrics, Not Rubberized",31,260,"$4,676,983"
,2296,Tire Cord And Fabrics,3,28,"$1,301,033"
,2297,Nonwoven Fabrics,19,120,"$2,535,877"
,2298,Cordage And Twine,13,99,"$1,202,109"
,2299,"Textile Goods, Nec",50,346,"$8,552,899"
,2311,"Men's and Boys' Suits, Coats, and Overcoats",19,126,"$617,039"
,2321,"Men's and Boys' Shirts, Except Work Shirts",17,106,"$409,158"
,2322,Men's and Boys' Underwear and Nightwear,6,37,"$208,080"
,2323,Men's and Boys' Neckwear,-,-,-
,2325,Men's and Boys' Separate Trousers and Slacks,37,271,"$1,140,493"
,2326,Men's and Boys' Work Clothing,26,188,"$1,496,984"
,2329,"Men's and Boys' Clothing, Not Elsewhere Classified",25,165,"$1,242,412"
,2331,"Women's, Misses', and Juniors' Blouses and Shirts",3,16,"$76,278"
,2335,"Women's, Misses', and Juniors' Dresses",4,35,"$93,970"
,2337,"Women's, Misses', and Juniors' Suits, Skirts, and Coats",5,27,"$63,116"
,2339,"Women's, Misses', and Juniors' Outerwear, Not Elsewhere Classified",16,108,"$267,251"
,2341,"Women's, Misses', Children's, and Infants' Underwear and Nightwear",14,86,"$382,035"
,2342,"Bras, Girdles, And Allied Garments",1,5,"$23,630"
,2353,"Hats, Caps, And Millinery",8,70,"$200,708"
,2361,"Girls', Children's, and Infants' Dresses, Blouses, and Shirts",10,63,"$152,291"
,2369,"Girls', Children's, and Infants' Outerwear, Not Elsewhere Classified",4,25,"$246,078"
,2371,Fur Goods,-,-,-
,2381,Fabric Dress And Work Gloves,5,32,"$149,996"
,2384,Robes And Dressing Gowns,1,9,"$164,417"
,2385,Waterproof Outerwear,2,10,"$120,261"
,2386,Leather And Sheep-lined Clothing,1,5,"$10,124"
,2387,Apparel Belts,3,17,"$145,467"
,2389,"Apparel And Accessories, Nec",18,117,"$590,747"
,2391,Curtains And Draperies,8,47,"$195,107"
,2392,"Housefurnishings, Nec",32,244,"$1,362,097"
,2393,Textile Bags,7,60,"$571,041"
,2394,Canvas And Related Products,11,68,"$858,921"
,2395,Pleating And Stitching,9,74,"$398,651"
,2396,Automotive And Apparel Trimmings,24,167,"$2,220,541"
,2397,Schiffli Machine Embroideries,2,11,"$22,794"
,2399,"Fabricated Textile Products, Nec",24,149,"$4,971,236"
,2411,Logging,-,-,-
,2421,"Sawmills And Planing Mills, General",271,"1,856","$70,826,410"
,2426,Hardwood Dimension & Flooring Mills,63,515,"$8,510,922"
,2429,"Special Product Sawmills, Nec",1,6,"$88,560"
,2431,Millwork,158,"1,150","$14,326,957"
,2434,Wood Kitchen Cabinets,58,421,"$4,220,615"
,2435,Hardwood Veneer And Plywood,56,374,"$9,067,520"
,2436,Softwood Veneer And Plywood,53,345,"$18,244,211"
,2439,"Structural Wood Members, Nec",29,165,"$1,693,814"
,2441,Nailed Wood Boxes And Shook,4,22,"$134,370"
,2448,Wood Pallets And Skids,23,165,"$1,749,625"
,2449,"Wood Containers, Nec",10,69,"$592,987"
,2451,Mobile Homes,46,316,"$8,250,436"
,2452,Prefabricated Wood Buildings,29,182,"$1,716,333"
,2491,Wood Preserving,48,359,"$3,180,969"
,2493,Reconstituted Wood Products,55,393,"$19,083,018"
,2499,"Wood Products, Nec",85,622,"$10,203,315"
,2511,Wood Household Furniture,88,650,"$8,755,164"
,2512,Upholstered Household Furniture,67,454,"$3,532,142"
,2514,Metal Household Furniture,20,155,"$3,437,972"
,2515,Mattresses And Bedsprings,36,248,"$3,358,685"
,2517,Wood Tv And Radio Cabinets,2,12,"$344,066"
,2519,"Household Furniture, Nec",10,64,"$489,932"
,2521,Wood Office Furniture,52,361,"$4,071,391"
,2522,"Office Furniture, Except Wood",32,236,"$3,161,044"
,2531,Public Building & Related Furniture,48,363,"$5,942,322"
,2541,Wood Partitions And Fixtures,41,297,"$2,499,964"
,2542,"Partitions And Fixtures, Except Wood",39,306,"$2,585,139"
,2591,Drapery Hardware & Blinds & Shades,11,91,"$1,258,195"
,2599,"Furniture And Fixtures, Nec",21,158,"$994,849"
,2611,Pulp Mills,9,54,"$4,741,733"
,2621,Paper Mills,98,735,"$44,130,299"
,2631,Paperboard Mills,45,375,"$12,700,671"
,2652,Setup Paperboard Boxes,16,113,"$1,147,846"
,2653,Corrugated And Solid Fiber Boxes,306,"2,503","$37,522,121"
,2655,"Fiber Cans, Drums & Similar Products",26,169,"$2,285,617"
,2656,Sanitary Food Containers,12,123,"$1,651,742"
,2657,Folding Paperboard Boxes,76,589,"$14,793,112"
,2671,"Paper Coated & Laminated, Packaging",77,605,"$10,111,734"
,2672,"Paper Coated And Laminated, Nec",51,401,"$6,399,179"
,2673,"Bags: Plastics, Laminated, & Coated",61,476,"$13,664,285"
,2674,Bags: Uncoated Paper & Multiwall,35,255,"$3,027,977"
,2675,Die-cut Paper And Board,17,123,"$941,781"
,2676,Sanitary Paper Products,19,166,"$3,185,771"
,2677,Envelopes,60,456,"$3,855,073"
,2678,Stationery Products,8,51,"$290,422"
,2679,"Converted Paper Products, Nec",65,502,"$5,415,624"
,2711,Newspapers,143,"1,073","$8,904,296"
,2721,Periodicals,7,54,"$428,173"
,2731,Book Publishing,17,121,"$457,230"
,2732,Book Printing,31,237,"$3,564,566"
,2741,Miscellaneous Publishing,17,133,"$4,753,917"
,2752,"Commercial Printing, Lithographic",251,"1,899","$20,876,697"
,2754,"Commercial Printing, Gravure",23,176,"$5,734,376"
,2759,"Commercial Printing, Nec",161,"1,184","$14,119,761"
,2761,Manifold Business Forms,42,344,"$2,661,541"
,2771,Greeting Cards,7,51,"$507,182"
,2782,Blankbooks And Looseleaf Binders,18,131,"$827,171"
,2789,Bookbinding And Related Work,9,59,"$316,522"
,2791,Typesetting,1,10,"$6,963"
,2796,Platemaking Services,9,58,"$321,113"
,2812,Alkalies And Chlorine,10,68,"$1,612,414"
,2813,Industrial Gases,16,111,"$2,434,393"
,2816,Inorganic Pigments,17,110,"$1,751,860"
,2819,"Industrial Inorganic Chemicals, Nec",104,765,"$30,099,449"
,2821,Plastics Materials And Resins,142,"1,137","$23,920,253"
,2822,Synthetic Rubber,17,121,"$4,077,392"
,2823,Cellulosic Manmade Fibers,7,48,"$1,319,064"
,2824,"Organic Fibers, Noncellulosic",14,88,"$3,522,829"
,2833,Medicinals And Botanicals,26,181,"$4,886,079"
,2834,Pharmaceutical Preparations,141,"1,071","$37,880,030"
,2835,Diagnostic Substances,16,106,"$1,138,044"
,2836,Biological Products Exc. Diagnostic,24,178,"$4,548,345"
,2841,Soap And Other Detergents,28,225,"$4,475,011"
,2842,Polishes And Sanitation Goods,26,161,"$779,539"
,2843,Surface Active Agents,12,97,"$3,014,875"
,2844,Toilet Preparations,59,462,"$7,086,071"
,2851,Paints And Allied Products,91,734,"$7,743,077"
,2861,Gum And Wood Chemicals,9,61,"$3,197,817"
,2865,Cyclic Crudes And Intermediates,17,119,"$2,737,106"
,2869,"Industrial Organic Chemicals, Nec",97,729,"$69,347,508"
,2873,Nitrogenous Fertilizers,6,34,"$481,627"
,2874,Phosphatic Fertilizers,5,27,"$14,454,138"
,2875,"Fertilizers, Mixing Only",9,54,"$782,989"
,2879,"Agricultural Chemicals, Nec",20,139,"$3,806,425"
,2891,Adhesives And Sealants,76,573,"$4,400,123"
,2892,Explosives,4,32,"$339,382"
,2893,Printing Ink,20,138,"$4,291,507"
,2895,Carbon Black,3,26,"$8,148,087"
,2899,"Chemical Preparations, Nec",88,699,"$8,602,087"
,2911,Petroleum Refining,20,144,"$17,365,072"
,2951,Asphalt Paving Mixtures And Blocks,61,385,"$9,418,237"
,2952,Asphalt Felts And Coatings,66,500,"$10,467,886"
,2992,Lubricating Oils And Greases,35,268,"$5,595,695"
,2999,"Petroleum And Coal Products, Nec",6,41,"$8,044,221"
,3011,Tires And Inner Tubes,32,234,"$12,355,935"
,3021,Rubber And Plastics Footwear,6,40,"$393,911"
,3052,Rubber & Plastics Hose & Belting,52,442,"$4,390,413"
,3053,"Gaskets, Packing And Sealing Devices",94,718,"$10,395,906"
,3061,Mechanical Rubber Goods,57,510,"$6,137,627"
,3069,"Fabricated Rubber Products, Nec",181,"1,458","$18,256,468"
,3081,Unsupported Plastics Film & Sheet,120,910,"$14,391,340"
,3082,Unsupported Plastics Profile Shapes,28,217,"$1,818,773"
,3083,Laminated Plastics Plate & Sheet,49,393,"$6,787,936"
,3084,Plastics Pipe,84,677,"$9,991,721"
,3085,Plastics Bottles,114,871,"$18,180,917"
,3086,Plastics Foam Products,123,912,"$20,039,167"
,3087,Custom Compound Purchased Resins,42,360,"$5,506,756"
,3088,Plastics Plumbing Fixtures,33,236,"$3,102,089"
,3089,"Plastics Products, Nec","1,101","8,450","$124,348,287"
,3111,Leather Tanning And Finishing,19,144,"$1,379,551"
,3131,Footwear Cut Stock,4,27,"$84,238"
,3142,House Slippers,4,29,"$37,867"
,3143,"Men's Footwear, Except Athletic",19,126,"$1,747,152"
,3144,"Women's Footwear, Except Athletic",13,97,"$633,743"
,3149,"Footwear, Except Rubber, Nec",10,75,"$253,097"
,3151,Leather Gloves And Mittens,2,16,"$49,831"
,3161,Luggage,5,31,"$352,042"
,3171,Women's Hangbags and Purses,2,11,"$32,131"
,3172,"Personal Leather Goods, Nec",3,19,"$1,591,551"
,3199,"Leather Goods, Nec",6,45,"$100,729"
,3211,Flat Glass,33,234,"$23,238,952"
,3221,Glass Containers,18,113,"$8,928,106"
,3229,"Pressed And Blown Glass, Nec",39,345,"$8,609,257"
,3231,Products Of Purchased Glass,100,740,"$13,072,207"
,3241,"Cement, Hydraulic",34,211,"$36,976,843"
,3251,Brick And Structural Clay Tile,42,268,"$4,998,017"
,3253,Ceramic Wall And Floor Tile,17,120,"$5,577,006"
,3255,Clay Refractories,15,131,"$3,009,280"
,3259,"Structural Clay Products, Nec",8,60,"$743,504"
,3261,Vitreous Plumbing Fixtures,11,72,"$1,248,037"
,3262,Vitreous China Table & Kitchenware,11,106,"$3,123,394"
,3263,Semivitreous Table & Kitchenware,-,-,-
,3264,Porcelain Electrical Supplies,16,122,"$898,559"
,3269,"Pottery Products, Nec",10,77,"$807,100"
,3271,Concrete Block And Brick,21,128,"$1,322,141"
,3272,"Concrete Products, Nec",97,724,"$8,227,599"
,3273,Ready-mixed Concrete,52,311,"$2,970,224"
,3274,Lime,8,44,"$1,043,634"
,3275,Gypsum Products,38,275,"$26,366,809"
,3281,Cut Stone And Stone Products,28,168,"$2,451,916"
,3291,Abrasive Products,32,238,"$4,253,094"
,3292,Asbestos Products,2,11,"$55,070"
,3295,"Minerals, Ground Or Treated",40,281,"$21,376,479"
,3296,Mineral Wool,30,265,"$9,825,986"
,3297,Nonclay Refractories,32,249,"$7,487,393"
,3299,"Nonmetallic Mineral Products, Nec",27,197,"$4,264,446"
,3312,Blast Furnaces And Steel Mills,75,542,"$23,271,759"
,3313,Electrometallurgical Products,1,8,"$110,481"
,3315,Steel Wire And Related Products,74,641,"$12,464,553"
,3316,Cold Finishing Of Steel Shapes,35,256,"$5,394,539"
,3317,Steel Pipe And Tubes,76,565,"$11,823,823"
,3321,Gray  And Ductile Iron Foundries,149,"1,076","$29,693,917"
,3322,Malleable Iron Foundries,12,75,"$2,928,810"
,3324,Steel Investment Foundries,34,267,"$5,964,145"
,3325,"Steel Foundries, Nec",73,589,"$22,660,163"
,3331,Primary Copper,2,25,"$2,408,345"
,3334,Primary Aluminum,13,88,"$3,378,825"
,3339,"Primary Nonferrous Metals, Nec",17,131,"$2,676,484"
,3341,Secondary Nonferrous Metals,55,438,"$14,082,358"
,3351,Copper Rolling And Drawing,32,247,"$6,400,894"
,3353,"Aluminum Sheet, Plate, And Foil",18,146,"$8,508,746"
,3354,Aluminum Extruded Products,91,763,"$28,671,482"
,3355,"Aluminum Rolling And Drawing, Nec",12,101,"$1,528,635"
,3356,"Nonferrous Rolling And Drawing, Nec",12,88,"$958,503"
,3357,Nonferrous Wiredrawing & Insulating,80,639,"$11,524,656"
,3363,Aluminum Die-castings,144,"1,106","$31,058,675"
,3364,Nonferrous Die-casting Exc. Aluminum,19,131,"$1,642,498"
,3365,Aluminum Foundries,82,635,"$11,692,148"
,3366,Copper Foundries,22,208,"$7,009,171"
,3369,"Nonferrous Foundries, Nec",28,227,"$3,019,506"
,3398,Metal Heat Treating,81,559,"$7,992,774"
,3399,"Primary Metal Products, Nec",59,428,"$6,463,538"
,3411,Metal Cans,84,694,"$10,318,932"
,3412,"Metal Barrels, Drums, And Pails",29,211,"$2,830,996"
,3421,Cutlery,18,132,"$947,696"
,3423,"Hand And Edge Tools, Nec",52,369,"$3,770,596"
,3425,Saw Blades And Handsaws,12,75,"$1,981,415"
,3429,"Hardware, Nec",75,577,"$8,101,874"
,3431,Metal Sanitary Ware,5,55,"$584,400"
,3432,Plumbing Fixture Fittings And Trim,32,248,"$2,342,825"
,3433,"Heating Equipment, Except Electric",48,382,"$4,475,942"
,3441,Fabricated Structural Metal,153,"1,075","$11,276,731"
,3442,"Metal Doors, Sash, And Trim",112,849,"$11,648,974"
,3443,Fabricated Plate Work (boiler Shops),179,"1,211","$10,352,474"
,3444,Sheet Metalwork,195,"1,432","$12,337,808"
,3446,Architectural Metal Work,21,147,"$972,270"
,3448,Prefabricated Metal Buildings,49,370,"$5,490,123"
,3449,Miscellaneous Metal Work,31,193,"$1,265,998"
,3451,Screw Machine Products,49,368,"$5,849,204"
,3452,"Bolts, Nuts, Rivets, And Washers",80,645,"$4,908,864"
,3462,Iron And Steel Forgings,89,718,"$17,305,165"
,3463,Nonferrous Forgings,18,164,"$7,576,735"
,3465,Automotive Stampings,84,619,"$7,571,570"
,3466,Crowns And Closures,13,106,"$2,276,013"
,3469,"Metal Stampings, Nec",117,953,"$13,470,951"
,3471,Plating And Polishing,200,"1,505","$14,126,117"
,3479,Metal Coating And Allied Services,132,981,"$11,417,375"
,3482,Small Arms Ammunition,8,64,"$536,246"
,3483,"Ammunition, Exc. For Small Arms, Nec",16,146,"$3,830,698"
,3484,Small Arms,12,64,"$669,057"
,3489,"Ordnance And Accessories, Nec",11,79,"$727,523"
,3491,Industrial Valves,56,435,"$5,353,272"
,3492,Fluid Power Valves & Hose Fittings,44,371,"$4,790,266"
,3493,"Steel Springs, Except Wire",19,144,"$862,765"
,3494,"Valves And Pipe Fittings, Nec",73,541,"$7,109,872"
,3495,Wire Springs,21,160,"$2,176,092"
,3496,Misc. Fabricated Wire Products,83,655,"$8,443,670"
,3497,Metal Foil And Leaf,6,39,"$518,112"
,3498,Fabricated Pipe And Fittings,68,519,"$5,529,956"
,3499,"Fabricated Metal Products, Nec",259,"2,075","$25,396,834"
,3511,Turbines And Turbine Generator Sets,25,212,"$2,495,964"
,3519,"Internal Combustion Engines, Nec",33,246,"$4,396,549"
,3523,Farm Machinery And Equipment,84,625,"$4,911,977"
,3524,Lawn And Garden Equipment,27,210,"$2,387,755"
,3531,Construction Machinery,109,823,"$11,711,189"
,3532,Mining Machinery,37,295,"$2,980,201"
,3533,Oil And Gas Field Machinery,95,714,"$8,452,318"
,3534,Elevators And Moving Stairways,18,150,"$1,756,100"
,3535,Conveyors And Conveying Equipment,48,349,"$1,929,536"
,3536,"Hoists, Cranes, And Monorails",12,98,"$914,286"
,3537,Industrial Trucks And Tractors,36,288,"$3,661,403"
,3541,"Machine Tools, Metal Cutting Types",40,257,"$2,033,842"
,3542,"Machine Tools, Metal Forming Types",32,228,"$2,047,460"
,3543,Industrial Patterns,-,-,-
,3544,"Special Dies, Tools, Jigs & Fixtures",86,606,"$4,957,562"
,3545,Machine Tool Accessories,59,401,"$4,516,303"
,3546,Power-driven Handtools,15,106,"$869,866"
,3547,Rolling Mill Machinery,7,46,"$747,374"
,3548,Welding Apparatus,16,99,"$1,052,595"
,3549,"Metalworking Machinery, Nec",18,156,"$1,835,568"
,3552,Textile Machinery,15,127,"$616,495"
,3553,Woodworking Machinery,15,103,"$655,525"
,3554,Paper Industries Machinery,12,77,"$470,214"
,3555,Printing Trades Machinery,16,117,"$674,952"
,3556,Food Products Machinery,50,369,"$2,426,482"
,3559,"Special Industry Machinery, Nec",95,689,"$5,480,546"
,3561,Pumps And Pumping Equipment,83,617,"$5,291,452"
,3562,Ball And Roller Bearings,56,432,"$6,921,291"
,3563,Air And Gas Compressors,28,168,"$1,562,716"
,3564,Blowers And Fans,81,668,"$5,528,075"
,3565,Packaging Machinery,24,175,"$2,615,154"
,3566,"Speed Changers, Drives, And Gears",32,261,"$3,662,396"
,3567,Industrial Furnaces And Ovens,22,179,"$1,078,788"
,3568,"Power Transmission Equipment, Nec",36,286,"$2,906,074"
,3569,"General Industrial Machinery, Nec",63,458,"$3,814,724"
,3571,Electronic Computers,11,71,"$2,071,112"
,3572,Computer Storage Devices,15,104,"$806,024"
,3575,Computer Terminals,5,35,"$311,959"
,3577,"Computer Peripheral Equipment, Nec",19,134,"$1,708,861"
,3578,Calculating And Accounting Equipment,7,54,"$398,189"
,3579,"Office Machines, Nec",4,28,"$52,997"
,3581,Automatic Vending Machines,6,38,"$364,298"
,3582,Commercial Laundry Equipment,10,72,"$258,904"
,3585,Refrigeration And Heating Equipment,136,"1,041","$12,388,016"
,3586,Measuring And Dispensing Pumps,3,30,"$211,996"
,3589,"Service Industry Machinery, Nec",60,429,"$4,578,606"
,3592,"Carburetors, Pistons, Rings, Valves",15,117,"$1,282,992"
,3593,Fluid Power Cylinders & Actuators,34,234,"$2,381,841"
,3594,Fluid Power Pumps And Motors,16,105,"$1,041,398"
,3596,"Scales And Balances, Exc. Laboratory",7,47,"$264,187"
,3599,"Industrial Machinery, Nec",226,"1,584","$17,210,134"
,3612,"Transformers, Except Electronic",48,353,"$4,016,488"
,3613,Switchgear And Switchboard Apparatus,46,362,"$3,609,499"
,3621,Motors And Generators,72,553,"$4,505,039"
,3624,Carbon And Graphite Products,24,184,"$6,952,399"
,3625,Relays And Industrial Controls,45,336,"$1,515,249"
,3629,"Electrical Industrial Apparatus, Nec",28,206,"$6,120,024"
,3631,Household Cooking Equipment,8,56,"$808,966"
,3632,Household Refrigerators And Freezers,5,46,"$1,850,103"
,3633,Household Laundry Equipment,6,42,"$1,286,790"
,3634,Electric Housewares And Fans,24,169,"$1,258,417"
,3635,Household Vacuum Cleaners,5,36,"$125,025"
,3639,"Household Appliances, Nec",6,54,"$1,534,140"
,3641,Electric Lamps,16,96,"$636,037"
,3643,Current-carrying Wiring Devices,61,433,"$3,911,704"
,3644,Noncurrent-carrying Wiring Devices,18,142,"$2,185,844"
,3645,Residential Lighting Fixtures,20,166,"$3,961,753"
,3646,Commercial Lighting Fixtures,27,195,"$2,235,268"
,3647,Vehicular Lighting Equipment,13,88,"$578,513"
,3648,"Lighting Equipment, Nec",13,95,"$704,837"
,3651,Household Audio And Video Equipment,18,118,"$2,086,346"
,3652,Prerecorded Records And Tapes,7,51,"$761,995"
,3661,Telephone And Telegraph Apparatus,14,86,"$292,182"
,3663,Radio & Tv Communications Equipment,33,236,"$2,415,284"
,3669,"Communications Equipment, Nec",14,103,"$752,462"
,3671,Electron Tubes,5,36,"$751,673"
,3672,Printed Circuit Boards,106,818,"$9,974,338"
,3674,Semiconductors And Related Devices,77,575,"$14,784,325"
,3675,Electronic Capacitors,21,158,"$1,526,060"
,3676,Electronic Resistors,6,54,"$404,135"
,3677,Electronic Coils And Transformers,19,150,"$1,616,387"
,3678,Electronic Connectors,25,181,"$1,555,926"
,3679,"Electronic Components, Nec",152,"1,075","$23,860,119"
,3691,Storage Batteries,36,262,"$8,497,034"
,3692,"Primary Batteries, Dry And Wet",19,136,"$3,186,872"
,3694,Engine Electrical Equipment,25,199,"$3,293,769"
,3695,Magnetic And Optical Recording Media,9,72,"$1,249,105"
,3699,"Electrical Equipment & Supplies, Nec",36,252,"$2,379,797"
,3711,Motor Vehicles And Car Bodies,58,459,"$10,745,202"
,3713,Truck And Bus Bodies,63,512,"$5,676,677"
,3714,Motor Vehicle Parts And Accessories,493,"3,905","$76,158,937"
,3715,Truck Trailers,28,208,"$1,679,967"
,3716,Motor Homes,9,86,"$556,409"
,3721,Aircraft,26,210,"$3,442,511"
,3724,Aircraft Engines And Engine Parts,81,582,"$7,963,538"
,3728,"Aircraft Parts And Equipment, Nec",213,"1,546","$21,205,768"
,3731,Ship Building And Repairing,33,245,"$2,773,846"
,3732,Boat Building And Repairing,72,534,"$8,083,592"
,3743,Railroad Equipment,31,251,"$3,203,755"
,3751,"Motorcycles, Bicycles, And Parts",8,55,"$383,159"
,3761,Guided Missiles And Space Vehicles,1,9,"$42,674"
,3764,Space Propulsion Units And Parts,8,54,"$2,022,039"
,3769,"Space Vehicle Equipment, Nec",10,76,"$2,782,468"
,3792,Travel Trailers And Campers,18,127,"$7,354,078"
,3795,Tanks And Tank Components,6,43,"$4,344,562"
,3799,"Transportation Equipment, Nec",22,169,"$2,227,897"
,3812,Search And Navigation Equipment,25,159,"$3,038,138"
,3821,Laboratory Apparatus And Furniture,20,157,"$1,660,168"
,3822,Environmental Controls,11,80,"$2,701,364"
,3823,Process Control Instruments,54,413,"$2,305,576"
,3824,Fluid Meters And Counting Devices,19,134,"$795,569"
,3825,Instruments To Measure Electricity,21,132,"$1,473,419"
,3826,Analytical Instruments,31,221,"$5,603,709"
,3827,Optical Instruments And Lenses,30,214,"$1,855,116"
,3829,"Measuring & Controlling Devices, Nec",45,305,"$3,853,561"
,3841,Surgical And Medical Instruments,133,971,"$17,712,105"
,3842,Surgical Appliances And Supplies,65,490,"$6,909,659"
,3843,Dental Equipment And Supplies,17,116,"$557,508"
,3844,X-ray Apparatus And Tubes,5,38,"$175,389"
,3845,Electromedical Equipment,18,114,"$1,894,491"
,3851,Ophthalmic Goods,17,169,"$2,321,375"
,3861,Photographic Equipment And Supplies,23,170,"$2,045,344"
,3873,"Watches, Clocks, Watchcases & Parts",5,35,"$287,184"
,3911,"Jewelry, Precious Metal",4,27,"$241,737"
,3914,Silverware And Plated Ware,4,30,"$213,120"
,3915,"Jeweler's Findings and Materials, and Lapidary Work",1,8,"$23,256"
,3931,Musical Instruments,17,112,"$975,537"
,3942,Dolls And Stuffed Toys,-,-,-
,3944,"Games, Toys, and Children's Vehicles, Except Dolls and Bicycles",18,137,"$1,335,892"
,3949,"Sporting And Athletic Goods, Nec",66,480,"$5,068,894"
,3951,Pens And Mechanical Pencils,14,95,"$2,525,907"
,3952,Lead Pencils And Art Goods,5,33,"$360,196"
,3953,Marking Devices,3,24,"$87,356"
,3955,Carbon Paper And Inked Ribbons,8,74,"$230,414"
,3961,Costume Jewelry,1,9,"$72,219"
,3965,"Fasteners, Buttons, Needles, & Pins",8,67,"$1,834,820"
,3991,Brooms And Brushes,22,147,"$854,857"
,3993,Signs And Advertising Specialities,45,343,"$2,247,910"
,3995,Burial Caskets,11,81,"$1,035,149"
,3996,"Hard Surface Floor Coverings, Nec",15,129,"$3,484,520"
,3999,"Manufacturing Industries, Nec",91,681,"$12,865,486"
,4011,"Railroads, Line-haul Operating",-,-,-
,4013,Switching And Terminal Services,-,-,-
,4111,Local And Suburban Transit,1,8,"$528,893"
,4119,"Local Passenger Transportation, Nec",-,-,-
,4121,Taxicabs,-,-,-
,4131,Intercity & Rural Bus Transportation,-,-,-
,4141,Local Bus Charter Service,-,-,-
,4142,"Bus Charter Service, Except Local",-,-,-
,4151,School Buses,-,-,-
,4173,Bus Terminal And Service Facilities,-,-,-
,4212,"Local Trucking, Without Storage",-,-,-
,4213,"Trucking, Except Local",-,-,-
,4214,Local Trucking With Storage,-,-,-
,4215,"Courier Services, Except By Air",-,-,-
,4221,Farm Product Warehousing And Storage,-,-,-
,4222,Refrigerated Warehousing And Storage,7,46,"$592,735"
,4225,General Warehousing And Storage,9,67,"$609,099"
,4226,"Special Warehousing And Storage, Nec",2,16,"$823,032"
,4231,Trucking Terminal Facilities,-,-,-
,4311,U.s. Postal Service,-,-,-
,4412,Deep Sea Foreign Trans. Of Freight,-,-,-
,4424,Deep Sea Domestic Trans. Of Freight,-,-,-
,4432,Freight Trans. On The Great Lakes,-,-,-
,4449,"Water Transportation Of Freight, Nec",-,-,-
,4481,"Deep Sea Passenger Trans., Ex. Ferry",-,-,-
,4482,Ferries,-,-,-
,4489,"Water Passenger Transportation, Nec",-,-,-
,4491,Marine Cargo Handling,1,7,"$100,835"
,4492,Towing And Tugboat Service,-,-,-
,4493,Marinas,-,-,-
,4499,"Water Transportation Services, Nec",-,-,-
,4512,"Air Transportation, Scheduled",-,-,-
,4513,Air Courier Services,-,-,-
,4522,"Air Transportation, Nonscheduled",-,-,-
,4581,"Airports, Flying Fields, & Services",6,40,"$128,526"
,4612,Crude Petroleum Pipelines,1,4,"$65,998"
,4613,Refined Petroleum Pipelines,-,-,-
,4619,"Pipelines, Nec",-,-,-
,4724,Travel Agencies,-,-,-
,4725,Tour Operators,-,-,-
,4729,"Passenger Transport Arrangement, Nec",-,-,-
,4731,Freight Transportation Arrangement,4,34,"$703,293"
,4741,Rental Of Railroad Cars,-,-,-
,4783,Packing And Crating,3,27,"$119,822"
,4785,Inspection & Fixed Facilities,-,-,-
,4789,"Transportation Services, Nec",2,9,"$307,033"
,4812,Radiotelephone Communications,-,-,-
,4813,"Telephone Communications, Exc. Radio",-,-,-
,4822,Telegraph & Other Communications,-,-,-
,4832,Radio Broadcasting Stations,-,-,-
,4833,Television Broadcasting Stations,-,-,-
,4841,Cable And Other Pay Tv Services,-,-,-
,4899,"Communication Services, Nec",-,-,-
,4911,Electric Services,3,18,"$1,234,805"
,4922,Natural Gas Transmission,-,-,-
,4923,Gas Transmission And Distribution,-,-,-
,4924,Natural Gas Distribution,-,-,-
,4925,Gas Production And/or Distribution,-,-,-
,4931,Electric And Other Services Combined,-,-,-
,4932,Gas And Other Services Combined,-,-,-
,4939,"Combination Utilities, Nec",1,4,"$1,308,571"
,4941,Water Supply,102,537,"$11,454,626"
,4952,Sewerage Systems,254,"1,487","$69,618,671"
,4953,Refuse Systems,14,81,"$2,533,176"
,4959,"Sanitary Services, Nec",-,-,-
,4961,Steam And Air-conditioning Supply,4,20,"$286,028"
,4971,Irrigation Systems,-,-,-
,5012,Automobiles And Other Motor Vehicles,1,9,"$37,541"
,5013,Motor Vehicle Supplies And New Parts,1,6,"$15,477"
,5014,Tires And Tubes,-,-,-
,5015,"Motor Vehicle Parts, Used",-,-,-
,5021,Furniture,-,-,-
,5023,Homefurnishings,-,-,-
,5031,"Lumber, Plywood, And Millwork",2,9,"$301,129"
,5032,"Brick, Stone, & Related Materials",-,-,-
,5033,"Roofing, Siding, & Insulation",1,7,"$31,119"
,5039,"Construction Materials, Nec",2,20,"$204,116"
,5043,Photographic Equipment And Supplies,-,-,-
,5044,Office Equipment,1,9,"$47,200"
,5045,"Computers, Peripherals & Software",1,9,"$212,549"
,5046,"Commercial Equipment, Nec",-,-,-
,5047,Medical And Hospital Equipment,1,8,"$21,720"
,5048,Ophthalmic Goods,-,-,-
,5049,"Professional Equipment, Nec",-,-,-
,5051,Metals Service Centers And Offices,5,34,"$201,353"
,5052,Coal And Other Minerals And Ores,-,-,-
,5063,Electrical Apparatus And Equipment,1,8,"$18,856"
,5064,"Electrical Appliances, Tv & Radios",-,-,-
,5065,Electronic Parts And Equipment,1,7,"$252,888"
,5072,Hardware,1,6,"$86,036"
,5074,Plumbing & Hydronic Heating Supplies,-,-,-
,5075,Warm Air Heating & Air-conditioning,1,9,"$152,766"
,5078,Refrigeration Equipment And Supplies,1,8,"$99,900"
,5082,Construction And Mining Machinery,1,11,"$158,526"
,5083,Farm And Garden Machinery,-,-,-
,5084,Industrial Machinery And Equipment,3,33,"$263,936"
,5085,Industrial Supplies,-,-,-
,5087,Service Establishment Equipment,-,-,-
,5088,Transportation Equipment & Supplies,-,-,-
,5091,Sporting & Recreational Goods,1,3,"$135,660"
,5092,Toys And Hobby Goods And Supplies,-,-,-
,5093,Scrap And Waste Materials,2,16,"$218,404"
,5094,Jewelry & Precious Stones,-,-,-
,5099,"Durable Goods, Nec",2,9,"$40,971"
,5111,Printing And Writing Paper,-,-,-
,5112,Stationery And Office Supplies,-,-,-
,5113,Industrial & Personal Service Paper,-,-,-
,5122,"Drugs, Proprietaries, And Sundries",2,11,"$270,380"
,5131,Piece Goods & Notions,-,-,-
,5139,Footwear,-,-,-
,5141,"Groceries, General Line",4,29,"$159,175"
,5142,Packaged Frozen Foods,5,42,"$1,516,372"
,5143,"Dairy Products, Exc. Dried Or Canned",1,6,"$12,779"
,5144,Poultry And Poultry Products,-,-,-
,5145,Confectionery,-,-,-
,5146,Fish And Seafoods,-,-,-
,5147,Meats And Meat Products,2,12,"$178,107"
,5148,Fresh Fruits And Vegetables,2,16,"$155,236"
,5149,"Groceries And Related Products, Nec",1,4,"$19,413"
,5153,Grain And Field Beans,3,12,"$136,056"
,5154,Livestock,-,-,-
,5159,"Farm-product Raw Materials, Nec",-,-,-
,5162,Plastics Materials & Basic Shapes,1,17,"$568,738"
,5169,"Chemicals & Allied Products, Nec",2,25,"$670,646"
,5171,Petroleum Bulk Stations & Terminals,1,9,"$373,372"
,5172,"Petroleum Products, Nec",-,-,-
,5181,Beer And Ale,4,25,"$692,707"
,5182,Wine And Distilled Beverages,1,11,"$122,805"
,5191,Farm Supplies,1,3,"$7,459"
,5192,"Books, Periodicals, & Newspapers",-,-,-
,5194,Tobacco And Tobacco Products,-,-,-
,5198,"Paints, Varnishes, And Supplies",-,-,-
,5199,"Nondurable Goods, Nec",1,7,"$16,509"
,5211,Lumber And Other Building Materials,-,-,-
,5231,"Paint, Glass, And Wallpaper Stores",-,-,-
,5251,Hardware Stores,1,5,"$5,158"
,5261,Retail Nurseries And Garden Stores,1,4,"$1,089"
,5271,Mobile Home Dealers,-,-,-
,5311,Department Stores,2,8,"$26,554"
,5331,Variety Stores,-,-,-
,5399,Misc. General Merchandise Stores,-,-,-
,5411,Grocery Stores,2,10,"$11,612"
,5421,Meat And Fish Markets,-,-,-
,5431,Fruit And Vegetable Markets,-,-,-
,5441,"Candy, Nut, And Confectionery Stores",1,8,"$20,213"
,5451,Dairy Products Stores,-,-,-
,5461,Retail Bakeries,1,6,"$91,628"
,5499,Miscellaneous Food Stores,-,-,-
,5511,New And Used Car Dealers,2,16,"$93,867"
,5521,Used Car Dealers,-,-,-
,5531,Auto And Home Supply Stores,-,-,-
,5541,Gasoline Service Stations,-,-,-
,5551,Boat Dealers,1,5,"$15,472"
,5561,Recreational Vehicle Dealers,-,-,-
,5571,Motorcycle Dealers,-,-,-
,5599,"Automotive Dealers, Nec",-,-,-
,5651,Family Clothing Stores,-,-,-
,5661,Shoe Stores,-,-,-
,5699,Misc. Apparel & Accessory Stores,-,-,-
,5712,Furniture Stores,-,-,-
,5713,Floor Covering Stores,-,-,-
,5714,Drapery And Upholstery Stores,-,-,-
,5719,Misc. Homefurnishings Stores,-,-,-
,5722,Household Appliance Stores,-,-,-
,5731,"Radio, Tv, & Electronic Stores",-,-,-
,5734,Computer And Software Stores,-,-,-
,5735,Record & Prerecorded Tape Stores,-,-,-
,5736,Musical Instrument Stores,-,-,-
,5812,Eating Places,-,-,-
,5813,Drinking Places,1,4,"$10,437"
,5912,Drug Stores And Proprietary Stores,-,-,-
,5921,Liquor Stores,-,-,-
,5932,Used Merchandise Stores,1,7,"$15,124"
,5941,Sporting Goods And Bicycle Shops,9,53,"$487,962"
,5942,Book Stores,-,-,-
,5943,Stationery Stores,-,-,-
,5944,Jewelry Stores,-,-,-
,5945,"Hobby, Toy, And Game Shops",-,-,-
,5946,Camera & Photographic Supply Stores,-,-,-
,5947,"Gift, Novelty, And Souvenir Shops",-,-,-
,5948,Luggage And Leather Goods Stores,-,-,-
,5949,"Sewing, Needlework, And Piece Goods",-,-,-
,5961,Catalog And Mail-order Houses,-,-,-
,5962,Merchandising Machine Operators,-,-,-
,5963,Direct Selling Establishments,-,-,-
,5983,Fuel Oil Dealers,-,-,-
,5984,Liquefied Petroleum Gas Dealers,-,-,-
,5989,"Fuel Dealers, Nec",-,-,-
,5992,Florists,1,20,"$219,658"
,5993,Tobacco Stores And Stands,-,-,-
,5994,News Dealers And Newsstands,-,-,-
,5995,Optical Goods Stores,-,-,-
,5999,"Miscellaneous Retail Stores, Nec",-,-,-
,6011,Federal Reserve Banks,-,-,-
,6019,"Central Reserve Depository, Nec",-,-,-
,6021,National Commercial Banks,1,4,"$25,902"
,6022,State Commercial Banks,-,-,-
,6029,"Commercial Banks, Nec",-,-,-
,6035,Federal Savings Institutions,-,-,-
,6036,"Savings Institutions, Except Federal",-,-,-
,6061,Federal Credit Unions,-,-,-
,6062,State Credit Unions,-,-,-
,6081,Foreign Bank & Branches & Agencies,-,-,-
,6082,Foreign Trade & International Banks,-,-,-
,6091,Nondeposit Trust Facilities,-,-,-
,6099,Functions Related To Deposit Banking,-,-,-
,6111,Federal & Fed.-sponsored Credit,-,-,-
,6141,Personal Credit Institutions,-,-,-
,6153,Short-term Business Credit,-,-,-
,6159,Misc. Business Credit Institutions,-,-,-
,6162,Mortgage Bankers And Correspondents,-,-,-
,6163,Loan Brokers,-,-,-
,6211,Security Brokers And Dealers,-,-,-
,6221,"Commodity Contracts Brokers, Dealers",-,-,-
,6231,Security And Commodity Exchanges,-,-,-
,6282,Investment Advice,-,-,-
,6289,"Security & Commodity Services, Nec",-,-,-
,6311,Life Insurance,-,-,-
,6321,Accident And Health Insurance,-,-,-
,6324,Hospital And Medical Service Plans,-,-,-
,6331,"Fire, Marine, And Casualty Insurance",-,-,-
,6351,Surety Insurance,-,-,-
,6361,Title Insurance,-,-,-
,6371,"Pension, Health, And Welfare Funds",-,-,-
,6399,"Insurance Carriers, Nec",-,-,-
,6411,"Insurance Agents, Brokers, & Service",-,-,-
,6512,Nonresidential Building Operators,-,-,-
,6513,Apartment Building Operators,-,-,-
,6514,"Dwelling Operators, Exc. Apartments",-,-,-
,6515,Mobile Home Site Operators,-,-,-
,6517,Railroad Property Lessors,-,-,-
,6519,"Real Property Lessors, Nec",2,15,"$98,780"
,6531,Real Estate Agents And Managers,-,-,-
,6541,Title Abstract Offices,9,47,"$551,004"
,6552,"Subdividers And Developers, Nec",-,-,-
,6553,Cemetery Subdividers And Developers,-,-,-
,6712,Bank Holding Companies,-,-,-
,6719,"Holding Companies, Nec",-,-,-
,6722,"Management Investment, Open-end",-,-,-
,6726,"Investment Offices, Nec",-,-,-
,6732,"Educational, Religious, Etc. Trusts",-,-,-
,6733,"Trusts, Nec",-,-,-
,6792,Oil Royalty Traders,-,-,-
,6794,Patent Owners And Lessors,-,-,-
,6798,Real Estate Investment Trusts,-,-,-
,6799,"Investors, Nec",-,-,-
,7011,Hotels And Motels,11,62,"$1,021,391"
,7021,Rooming And Boarding Houses,-,-,-
,7032,Sporting And Recreational Camps,-,-,-
,7033,Trailer Parks And Campsites,-,-,-
,7041,Membership-basis Organization Hotels,-,-,-
,7211,"Power Laundries, Family & Commercial",3,17,"$328,730"
,7213,Linen Supply,1,9,"$268,682"
,7215,Coin-operated Laundries And Cleaning,-,-,-
,7216,"Drycleaning Plants, Except Rug",-,-,-
,7217,Carpet And Upholstery Cleaning,-,-,-
,7218,Industrial Launderers,6,43,"$467,162"
,7219,"Laundry And Garment Services, Nec",-,-,-
,7221,"Photographic Studios, Portrait",-,-,-
,7231,Beauty Shops,-,-,-
,7241,Barber Shops,-,-,-
,7251,Shoe Repair And Shoeshine Parlors,-,-,-
,7261,Funeral Service And Crematories,-,-,-
,7291,Tax Return Preparation Services,-,-,-
,7299,"Miscellaneous Personal Services, Nec",-,-,-
,7311,Advertising Agencies,-,-,-
,7312,Outdoor Advertising Services,-,-,-
,7313,"Radio, Tv, Publisher Representatives",-,-,-
,7319,"Advertising, Nec",-,-,-
,7322,Adjustment & Collection Services,-,-,-
,7323,Credit Reporting Services,-,-,-
,7331,Direct Mail Advertising Services,2,20,"$38,688"
,7334,Photocopying & Duplicating Services,-,-,-
,7335,Commercial Photography,-,-,-
,7336,Commercial Art And Graphic Design,-,-,-
,7338,Secretarial & Court Reporting,-,-,-
,7342,Disinfecting & Pest Control Services,-,-,-
,7349,"Building Maintenance Services, Nec",-,-,-
,7352,Medical Equipment Rental,-,-,-
,7353,Heavy Construction Equipment Rental,-,-,-
,7359,"Equipment Rental & Leasing, Nec",-,-,-
,7361,Employment Agencies,-,-,-
,7363,Help Supply Services,-,-,-
,7371,Computer Programming Services,-,-,-
,7372,Prepackaged Software,-,-,-
,7373,Computer Integrated Systems Design,-,-,-
,7374,Data Processing And Preparation,-,-,-
,7375,Information Retrieval Services,-,-,-
,7376,Computer Facilities Management,1,5,"$30,214"
,7377,Computer Rental & Leasing,-,-,-
,7378,Computer Maintenance & Repair,-,-,-
,7379,"Computer Related Services, Nec",-,-,-
,7381,Detective & Armored Car Services,-,-,-
,7382,Security Systems Services,-,-,-
,7383,News Syndicates,-,-,-
,7384,Photofinishing Laboratories,-,-,-
,7389,"Business Services, Nec",6,43,"$310,925"
,7513,"Truck Rental And Leasing, No Drivers",-,-,-
,7514,Passenger Car Rental,-,-,-
,7515,Passenger Car Leasing,-,-,-
,7519,Utility Trailer Rental,-,-,-
,7521,Automobile Parking,-,-,-
,7532,Top & Body Repair & Paint Shops,-,-,-
,7533,Auto Exhaust System Repair Shops,-,-,-
,7534,Tire Retreading And Repair Shops,3,23,"$187,946"
,7536,Automotive Glass Replacement Shops,1,8,"$39,044"
,7537,Automotive Transmission Repair Shops,1,3,"$11,023"
,7538,General Automotive Repair Shops,-,-,-
,7539,"Automotive Repair Shops, Nec",1,8,"$38,834"
,7542,Carwashes,-,-,-
,7549,"Automotive Services, Nec",-,-,-
,7622,Radio And Television Repair,-,-,-
,7623,Refrigeration Service And Repair,-,-,-
,7629,"Electrical Repair Shops, Nec",-,-,-
,7631,"Watch, Clock, And Jewelry Repair",-,-,-
,7641,Reupholstery And Furniture Repair,-,-,-
,7692,Welding Repair,1,4,"$23,092"
,7694,Armature Rewinding Shops,-,-,-
,7699,"Repair Services, Nec",6,55,"$444,173"
,7812,Motion Picture & Video Production,-,-,-
,7819,Services Allied To Motion Pictures,-,-,-
,7822,Motion Picture And Tape Distribution,-,-,-
,7829,Motion Picture Distribution Services,-,-,-
,7832,"Motion Picture Theaters, Ex Drive-in",-,-,-
,7833,Drive-in Motion Picture Theaters,-,-,-
,7841,Video Tape Rental,-,-,-
,7911,"Dance Studios, Schools, And Halls",-,-,-
,7922,Theatrical Producers And Services,2,9,"$37,636"
,7929,Entertainers & Entertainment Groups,-,-,-
,7933,Bowling Centers,1,4,"$13,250"
,7941,"Sports Clubs, Managers, & Promoters",-,-,-
,7948,"Racing, Including Track Operation",-,-,-
,7991,Physical Fitness Facilities,-,-,-
,7992,Public Golf Courses,-,-,-
,7993,Coin-operated Amusement Devices,-,-,-
,7996,Amusement Parks,-,-,-
,7997,Membership Sports & Recreation Clubs,-,-,-
,7999,"Amusement And Recreation, Nec",8,46,"$501,350"
,8011,Offices & Clinics Of Medical Doctors,2,9,"$50,435"
,8021,Offices And Clinics Of Dentists,-,-,-
,8031,Offices Of Osteopathic Physicians,-,-,-
,8041,Offices And Clinics Of Chiropractors,-,-,-
,8042,Offices And Clinics Of Optometrists,-,-,-
,8043,Offices And Clinics Of Podiatrists,-,-,-
,8049,"Offices Of Health Practitioners, Nec",-,-,-
,8051,Skilled Nursing Care Facilities,1,6,"$55,704"
,8052,Intermediate Care Facilities,-,-,-
,8059,"Nursing And Personal Care, Nec",1,5,"$74,539"
,8062,General Medical & Surgical Hospitals,9,69,"$1,766,998"
,8063,Psychiatric Hospitals,-,-,-
,8069,Specialty Hospitals Exc. Psychiatric,-,-,-
,8071,Medical Laboratories,1,3,"$58,734"
,8072,Dental Laboratories,-,-,-
,8082,Home Health Care Services,-,-,-
,8092,Kidney Dialysis Centers,-,-,-
,8093,"Specialty Outpatient Clinics, Nec",2,9,"$78,570"
,8099,"Health And Allied Services, Nec",1,10,"$52,084"
,8111,Legal Services,3,18,"$28,148"
,8211,Elementary And Secondary Schools,28,171,"$1,099,232"
,8221,Colleges And Universities,9,45,"$519,451"
,8222,Junior Colleges,6,28,"$141,579"
,8231,Libraries,3,12,"$77,104"
,8243,Data Processing Schools,-,-,-
,8244,Business And Secretarial Schools,-,-,-
,8249,"Vocational Schools, Nec",1,6,"$49,772"
,8299,"Schools & Educational Services, Nec",2,13,"$34,805"
,8322,Individual And Family Services,4,23,"$303,183"
,8331,Job Training And Related Services,-,-,-
,8351,Child Day Care Services,2,7,"$24,437"
,8361,Residential Care,-,-,-
,8399,"Social Services, Nec",3,20,"$86,660"
,8412,Museums And Art Galleries,8,42,"$251,644"
,8422,Botanical And Zoological Gardens,5,34,"$131,421"
,8611,Business Associations,1,4,"$44,288"
,8621,Professional Organizations,-,-,-
,8631,Labor Organizations,-,-,-
,8641,Civic And Social Associations,-,-,-
,8651,Political Organizations,-,-,-
,8661,Religious Organizations,2,8,"$17,829"
,8699,"Membership Organizations, Nec",-,-,-
,8711,Engineering Services,7,38,"$812,538"
,8712,Architectural Services,-,-,-
,8713,Surveying Services,-,-,-
,8721,"Accounting, Auditing, & Bookkeeping",-,-,-
,8731,Commercial Physical Research,1,7,"$231,093"
,8732,Commercial Nonphysical Research,-,-,-
,8733,Noncommercial Research Organizations,-,-,-
,8734,Testing Laboratories,7,45,"$731,111"
,8741,Management Services,1,3,"$9,575"
,8742,Management Consulting Services,-,-,-
,8743,Public Relations Services,-,-,-
,8744,Facilities Support Services,-,-,-
,8748,"Business Consulting, Nec",2,9,"$110,064"
,8811,Private Households,-,-,-
,8999,"Services, Nec",5,23,"$43,061"
